genic_region_type,BUD13,DGCR8,DROSHA,EWSR1,FASTKD2,FUS,HNRNPA1,HNRNPC,HNRNPK,HNRNPM,IGF2BP1,IGF2BP2,ILF3,KHSRP,LARP7,LIN28B,LSM11,NOLC1,PTBP1,RBFOX2,RBM15,RPS3,SAFB,SLBP,SSB,TAF15,TARDBP,TRA2A,U2AF1,UPF1
5utr,0.16339869281045752,0.0,0.0,0.42230334263832225,0.0,0.0,0.0,0.0,0.5847953216374269,0.0,0.0,0.13260401127134097,0.07809449433814916,0.020948989211270554,0.42075736325385693,0.019164430816404752,0.0,0.17177500842034354,0.05766347595433052,0.0,0.1364256480218281,0.0,0.0,0.0,0.0,0.0,0.014371945961483184,0.10580001085128317,0.702028081123245,0.011550011550011549
CDS,0.09803921568627451,0.8658008658008658,0.0,2.1938300765872167,0.0,0.0,0.0,0.0,0.0,0.7246376811594203,0.0,0.04972650422675286,0.1952362358453729,0.0942704514507175,0.3740065451145395,0.05749329244921426,0.0,0.6837318962613674,0.27678468458078653,0.43103448275862066,0.5457025920873124,0.0,0.0,0.0,0.0,0.0,0.0,0.059682057403287934,0.5460218408736349,0.5082005082005082
noncoding_exon,1.3398692810457515,6.277056277056277,4.395604395604396,2.480137427528452,33.33333333333333,20.43010752688172,60.0,53.65853658536586,1.7543859649122806,1.4492753623188406,2.5570776255707766,3.3316757831924413,1.2768449824287387,1.089347438986069,3.5530621785881253,1.475661172863166,7.4074074074074066,2.5900976759851804,1.522315765194326,2.2413793103448274,8.049113233287859,0.0,31.03448275862069,2.3255813953488373,0.2824858757062147,11.671469740634006,0.8192009198045416,1.4052411697683251,2.65210608424337,4.088704088704088
miRNA,0.0326797385620915,0.6493506493506493,0.0,0.032209576980888985,0.0,0.0,0.0,0.0,0.0,0.0,0.0,0.0,0.02342834830144475,0.0,0.0,0.0,0.0,0.0,0.0,0.0,0.0,0.0,0.0,0.0,0.0,0.0,0.0,0.008138462373175628,0.234009360374415,0.0
3utr,0.261437908496732,0.4329004329004329,0.0,0.6048242788633598,0.0,0.0,0.0,2.4390243902439024,0.0,0.0,1.36986301369863,0.6795955577656224,0.2147598594299102,0.19901539750707026,1.916783543712015,0.7282483710233806,0.0,1.0542270124621083,0.12685964709952716,1.1206896551724137,0.1364256480218281,0.0,0.0,0.0,0.0,0.43227665706051877,0.2012072434607646,0.1844718137919809,0.858034321372855,1.4437514437514438
